Week,TEAM,OFF RATING,DEF RATING,GM,OPPONENT,SCORE,FPTS,FPTS RANK,QB,QB RANK,RB,RB RANK,WR,WR RANK,TE,TE RANK,K,K RANK,DEF,DEF RANK
1,Green Bay Packers,88,80,12,MIN,43-34(W),152.8,1,33.6,2,32.6,7,82.4,2,2.2,32,0,1,2,26
1,Atlanta Falcons,86,74,12,SEA,25-38(L),147,2,27.9,4,21.3,20,88,1,6.8,23,0,1,3,24
1,Seattle Seahawks,87,74,12,ATL,38-25(W),145.5,3,34.8,1,35.2,5,46.4,8,17.1,6,0,1,12,10
1,Baltimore Ravens,86,88,11,CLE,38-6(W),139.1,4,27.8,5,18.8,26,43.4,12,25.1,2,0,1,24,3
1,Buffalo Bills,87,84,11,NYJ,27-17(W),130.5,5,33.2,3,22,19,53.7,3,4.6,26,0,1,17,7
1,Minnesota Vikings,82,74,12,GB,34-43(L),117.9,6,24.8,8,38,4,49.2,6,6.9,22,0,1,-1,31
1,Indianapolis Colts,80,86,12,JAX,20-27(L),117.6,7,19.8,16,50.8,1,30.1,21,11.9,15,0,1,5,18
1,Tennessee Titans,83,75,12,DEN,16-14(W),115.9,8,19.4,18,20.6,22,39.7,14,23.2,3,0,1,13,9
1,Kansas City Chiefs,93,86,12,HOU,34-20(W),113.9,9,20.4,15,27.8,12,43.7,11,17,7,0,1,5,18
1,New Orleans Saints,88,83,12,TB,34-23(W),108.9,10,19.6,17,28.1,10,20.2,31,13,13,0,1,28,1
1,Arizona Cardinals,86,77,12,SF,24-20(W),107.2,11,27.6,6,28,11,40.5,13,4.1,28,0,1,7,12
1,Pittsburgh Steelers,85,95,11,NYG,26-16(W),106.2,12,22.1,11,19.3,23,53.7,3,4.1,28,0,1,7,12
1,Carolina Panthers,81,73,12,OAK,30-34(L),104.5,13,21.4,13,28.5,9,50.6,5,5,25,0,1,-1,31
1,New York Giants,74,78,12,PIT,16-26(L),104,14,19.4,18,15.1,28,45.6,9,8.9,19,0,1,15,8
1,Chicago Bears,69,87,12,DET,27-23(W),101.8,15,24.3,9,15.1,27,47.9,7,11.5,17,0,1,3,24
1,New York Jets,68,70,12,BUF,17-27(L),101.3,16,12.2,28,19.2,24,33.2,19,8.7,20,0,1,28,1
1,Las Vegas Raiders,79,76,12,CAR,34-30(W),96.8,17,13.6,25,46.6,2,24.9,22,11.7,16,0,1,0,30
1,Washington Football Team,71,85,11,PHI,27-17(W),95.9,18,12.8,27,22.2,17,23.2,25,13.7,12,0,1,24,3
1,Dallas Cowboys,74,72,11,LAR,17-20(L),95.8,19,17.6,21,32.9,6,37,15,4.3,27,0,1,4,21
1,Detroit Lions,78,73,12,CHI,23-27(L),95.4,20,17.2,23,27.1,13,33.5,18,16.6,9,0,1,1,28
1,Houston Texans,81,72,12,KC,20-34(L),93.2,21,21.8,12,21.3,21,32.3,20,15.8,10,0,1,2,26
1,San Francisco 49ers,80,79,11,ARI,20-24(L),92.8,22,19.3,20,41.9,3,8.1,32,12.5,14,0,1,11,11
1,Los Angeles Rams,82,89,12,DAL,20-17(W),91.8,23,11.5,29,31.9,8,35.7,16,8.7,20,0,1,4,21
1,Philadelphia Eagles,73,80,12,WAS,17-27(L),91.5,24,16,24,11.6,32,22,26,37.9,1,0,1,4,21
1,Cleveland Browns,82,75,12,BAL,6-38(L),90.5,25,10.9,30,19.2,24,20.4,30,19,5,0,1,21,5
1,Tampa Bay Buccaneers,87,85,12,NO,23-34(L),90.1,26,22.5,10,14.3,29,35.6,17,16.7,8,0,1,1,28
1,Jacksonville Jaguars,73,70,12,IND,27-20(W),86.1,27,20.8,14,12.6,31,44.9,10,2.8,31,0,1,5,18
1,Los Angeles Chargers,83,78,12,CIN,16-13(W),84.6,28,9,32,22.1,18,21.2,27,14.3,11,0,1,18,6
1,Denver Broncos,80,79,12,TEN,14-16(L),83.9,29,13.1,26,23.3,15,21,28,20.5,4,0,1,6,15
1,New England Patriots,77,84,12,MIA,21-11(W),82.4,30,25.7,7,25.3,14,20.9,29,3.5,30,0,1,7,12
1,Cincinnati Bengals,79,69,12,LAC,13-16(L),72.2,31,17.3,22,13.9,30,24.8,23,10.2,18,0,1,6,15
1,Miami Dolphins,80,85,12,NE,11-21(L),68.4,32,10.4,31,22.4,16,23.6,24,6,24,0,1,6,15
2,Atlanta Falcons,86,74,12,DAL,39-40(L),148.2,1,28.5,7,12.6,28,55.9,5,18.2,12,0,1,33,1
2,Dallas Cowboys,74,72,11,ATL,40-39(W),143.2,2,43.8,1,25.1,17,49.1,9,28.2,5,0,1,-3,32
2,Buffalo Bills,87,84,11,MIA,31-28(W),140.5,3,37.5,3,13.3,27,76.8,1,10.9,19,0,1,2,25
2,Pittsburgh Steelers,85,95,11,DEN,26-21(W),136.4,4,22.2,15,24.6,18,58,4,8.6,21,0,1,23,4
2,Miami Dolphins,80,85,12,BUF,28-31(L),134.8,5,27.3,10,25.5,15,38.6,14,31.4,3,0,1,12,11
2,Jacksonville Jaguars,73,70,12,TEN,30-33(L),134,6,28.5,7,35.7,7,49.2,8,20.6,10,0,1,0,29
2,Arizona Cardinals,86,77,12,WAS,30-15(W),130,7,33.1,5,15.8,26,49.5,7,4.6,26,0,1,27,3
2,Tampa Bay Buccaneers,87,85,12,CAR,31-17(W),129.6,8,10.7,30,48.4,3,36.4,16,2.1,28,0,1,32,2
2,Los Angeles Rams,82,89,12,PHI,37-19(W),129.5,9,24,13,26.1,14,39,13,28.4,4,0,1,12,11
2,Seattle Seahawks,87,74,12,NE,35-30(W),124.7,10,34.4,4,27.6,11,61.8,2,1.9,29,0,1,-1,31
2,Carolina Panthers,81,73,12,TB,17-31(L),122.6,11,14.7,25,40.3,5,50.8,6,1.8,30,0,1,15,8
2,Green Bay Packers,88,80,12,DET,42-21(W),122.5,12,19.1,18,60,1,23.5,28,11.9,18,0,1,8,18
2,New England Patriots,77,84,12,SEA,30-35(L),122.2,13,38.6,2,10.7,30,59,3,3.9,27,0,1,10,16
2,Cincinnati Bengals,79,69,12,CLE,30-35(L),121,14,28.5,7,20.1,20,45.7,10,25.7,6,0,1,1,26
2,New Orleans Saints,88,83,12,OAK,24-34(L),119.9,15,19.3,17,48.2,4,22.8,29,14.6,15,0,1,15,8
2,Cleveland Browns,82,75,12,CIN,35-30(W),118.2,16,16.3,21,53.4,2,30.9,21,6.6,23,0,1,11,14
2,Kansas City Chiefs,93,86,12,LAC,23-20(W),112.8,17,30.5,6,17.3,25,37,15,24,8,0,1,4,23
2,Las Vegas Raiders,79,76,12,NO,34-24(W),109.6,18,22.6,14,23.6,19,25.7,26,36.7,1,0,1,1,26
2,Tennessee Titans,83,75,12,JAX,33-30(W),108.8,19,26.8,11,10,31,34.1,19,32.9,2,0,1,5,21
2,Los Angeles Chargers,83,78,12,KC,20-23(L),105.8,20,26.2,12,32.1,8,29.2,22,14.3,17,0,1,4,23
2,Denver Broncos,80,79,12,PIT,21-26(L),105,21,19.5,16,18.4,22,34.4,18,17.7,13,0,1,15,8
2,Philadelphia Eagles,73,80,12,LAR,19-37(L),97,22,14.4,26,28.4,10,22,30,16.2,14,0,1,16,7
2,San Francisco 49ers,80,79,11,NYJ,31-13(W),96.8,23,14.8,24,38.7,6,17.8,31,25.5,7,0,1,0,29
2,Baltimore Ravens,86,88,11,HOU,33-16(W),96.5,24,17.6,19,30.1,9,24.8,27,6,24,0,1,18,6
2,Indianapolis Colts,80,86,12,MIN,28-11(W),96.1,25,11.9,28,27.4,12,26.7,25,19.1,11,0,1,11,14
2,Chicago Bears,69,87,12,NYG,17-13(W),93.7,26,15.2,23,26.6,13,27.9,23,5,25,0,1,19,5
2,Detroit Lions,78,73,12,GB,21-42(L),89.1,27,17.2,20,25.5,16,35.2,17,10.2,20,0,1,1,26
2,Washington Football Team,71,85,11,ARI,15-30(L),84.9,28,12.7,27,17.6,24,40.8,12,7.8,22,0,1,6,20
2,New York Giants,74,78,12,CHI,13-17(L),82.2,29,9.7,31,18.4,22,27.7,24,14.4,16,0,1,12,11
2,Houston Texans,81,72,12,BAL,16-33(L),81.6,30,15.7,22,7,32,31.1,20,22.8,9,0,1,5,21
2,New York Jets,68,70,12,SF,13-31(L),75.5,31,11.9,28,11.7,29,41.4,11,1.5,31,0,1,9,17
2,Minnesota Vikings,82,74,12,IND,11-28(L),47.4,32,1.5,32,19.7,21,16.9,32,1.3,32,0,1,8,18
3,Seattle Seahawks,87,74,12,DAL,38-31(W),155,1,40.4,2,15.8,26,63.5,2,23.3,4,0,1,12,8
3,Dallas Cowboys,74,72,11,SEA,31-38(L),154.2,2,33.5,4,18.3,20,90.6,1,8.8,22,0,1,3,27
3,Kansas City Chiefs,93,86,12,BAL,34-20(W),140.4,3,43,1,21.2,17,52.5,6,14.7,9,0,1,9,13
3,Los Angeles Rams,82,89,12,BUF,32-35(L),139.8,4,31.8,5,23.9,13,59.1,4,14,11,0,1,11,10
3,Buffalo Bills,87,84,11,LAR,35-32(W),130.6,5,36.2,3,17.9,21,45,10,25.5,3,0,1,6,18
3,Chicago Bears,69,87,12,ATL,30-26(W),130.2,6,30.8,6,14.5,28,53.4,5,28.5,2,0,1,3,27
3,San Francisco 49ers,80,79,11,NYG,36-9(W),123.6,7,20.7,15,41.4,3,36.3,17,13.2,14,0,1,12,8
3,Tampa Bay Buccaneers,87,85,12,DEN,28-10(W),117.4,8,23.9,12,17.9,22,42.9,12,18.7,8,0,1,14,5
3,Los Angeles Chargers,83,78,12,CAR,16-21(L),115.9,9,19.7,17,37.5,6,43.7,11,10,19,0,1,5,21
3,Pittsburgh Steelers,85,95,11,HOU,28-21(W),114.3,10,19.8,16,35,7,29.8,23,22.7,5,0,1,7,15
3,Minnesota Vikings,82,74,12,TEN,30-31(L),113.6,11,21.4,14,32.6,8,47.5,8,9.1,20,0,1,3,27
3,New Orleans Saints,88,83,12,GB,30-37(L),113.5,12,24.2,11,55.2,2,26.3,25,7.8,24,0,1,0,32
3,Green Bay Packers,88,80,12,NO,37-30(W),113.4,13,24.5,9,22.6,15,30.9,22,31.4,1,0,1,4,24
3,Cincinnati Bengals,79,69,12,PHI,23-23(D),112.5,14,23.4,13,17,23,62.9,3,2.2,30,0,1,7,15
3,Tennessee Titans,83,75,12,MIN,31-30(W),112.3,15,16.7,21,32.4,9,37.5,16,14.7,9,0,1,11,10
3,New England Patriots,77,84,12,OAK,36-20(W),112.1,16,12.2,29,58.1,1,16.8,31,0,32,0,1,25,2
3,Cleveland Browns,82,75,12,WAS,34-20(W),106.3,17,14.3,24,41.4,3,17.8,30,12.8,15,0,1,20,4
3,Arizona Cardinals,86,77,12,DET,23-26(L),101.7,18,24.7,8,14.3,29,52.2,7,6.5,27,0,1,4,24
3,Indianapolis Colts,80,86,12,NYJ,36-7(W),101.7,18,13.4,25,28.8,11,23.5,27,14,11,0,1,22,3
3,Carolina Panthers,81,73,12,LAC,21-16(W),101,19,14.6,23,24.7,12,31.8,21,1.9,31,0,1,28,1
3,Philadelphia Eagles,73,80,12,CIN,23-23(D),100,20,24.3,10,16,25,32.5,19,19.2,7,0,1,8,14
3,Miami Dolphins,80,85,12,JAX,31-13(W),97.2,21,25.2,7,21,18,29.8,23,10.2,18,0,1,11,10
3,Detroit Lions,78,73,12,ARI,26-23(W),95.8,22,18.5,18,16.4,24,32.8,18,21.1,6,0,1,7,15
3,Atlanta Falcons,86,74,12,CHI,26-30(L),95.4,23,12.4,28,30.2,10,38.1,15,8.7,23,0,1,6,18
3,Las Vegas Raiders,79,76,12,NE,20-36(L),93,24,17.4,20,18.6,19,38.6,14,13.4,13,0,1,5,21
3,Jacksonville Jaguars,73,70,12,MIA,13-31(L),90.7,25,11.2,30,39.7,5,25.8,26,9,21,0,1,5,21
3,Washington Football Team,71,85,11,CLE,20-34(L),86.7,26,13.2,26,22.8,14,40.6,13,7.1,26,0,1,3,27
3,Houston Texans,81,72,12,PIT,21-28(L),84.3,27,18.1,19,12.7,31,46.7,9,4.8,29,0,1,2,31
3,Denver Broncos,80,79,12,TB,10-28(L),83.2,28,12.5,27,13.3,30,32.3,20,11.1,17,0,1,14,5
3,Baltimore Ravens,86,88,11,KC,20-34(L),72.4,29,15.2,22,15.3,27,16.2,32,12.7,16,0,1,13,7
3,New York Jets,68,70,12,IND,7-36(L),62.4,30,9.7,32,21.7,16,21.9,28,5.1,28,0,1,4,24
3,New York Giants,74,78,12,SF,9-36(L),51.7,31,10.1,31,6.4,32,21.7,29,7.5,25,0,1,6,18
4,Dallas Cowboys,74,72,11,CLE,38-49(L),170.6,1,38.7,1,29.9,11,79.4,1,21.6,7,0,1,1,26
4,Tampa Bay Buccaneers,87,85,12,LAC,38-31(W),151.2,2,36.5,2,34,8,55.5,4,25.2,4,0,1,0,29
4,Cleveland Browns,82,75,12,DAL,49-38(W),134.2,3,15.2,21,36,7,53.7,5,22.3,6,0,1,7,6
4,Green Bay Packers,88,80,12,ATL,30-16(W),127.6,4,32.5,3,42.7,2,15.6,30,33.8,2,0,1,3,18
4,Seattle Seahawks,87,74,12,MIA,31-23(W),125.2,5,24.9,7,37.1,6,47.2,6,12,13,0,1,4,13
4,San Francisco 49ers,80,79,11,PHI,20-25(L),116.6,6,14.5,24,25.6,15,27.4,23,43.1,1,0,1,6,8
4,Cincinnati Bengals,79,69,12,JAX,33-25(W),115.5,7,16.1,20,47,1,37.3,16,11.1,19,0,1,4,13
4,Buffalo Bills,87,84,11,OAK,30-23(W),112.5,8,25.4,5,18.6,19,55.7,3,5.8,26,0,1,7,6
4,Carolina Panthers,81,73,12,ARI,31-21(W),112.2,9,27.2,4,37.2,5,36.6,17,11.2,18,0,1,0,29
4,Jacksonville Jaguars,73,70,12,CIN,25-33(L),110,10,24.9,7,14.7,25,59.6,2,7.8,23,0,1,3,18
4,Minnesota Vikings,82,74,12,HOU,31-23(W),107.4,11,14.9,23,39.3,4,46.5,7,4.7,27,0,1,2,21
4,New Orleans Saints,88,83,12,DET,35-29(W),106.1,12,18.9,19,42.2,3,42.3,12,1.7,29,0,1,1,26
4,Washington Football Team,71,85,11,BAL,17-31(L),105.9,13,21.9,15,33.9,9,42.3,11,1.8,28,0,1,6,8
4,Denver Broncos,80,79,12,NYJ,37-28(W),101.6,14,15.1,22,32,10,42.3,12,10.2,20,0,1,2,21
4,Las Vegas Raiders,79,76,12,BUF,23-30(L),101.3,15,24.4,10,15.2,24,32.3,22,28.4,3,0,1,1,26
4,Los Angeles Chargers,83,78,12,TB,31-38(L),99.3,16,24,13,11.8,27,40.7,15,14.8,9,0,1,8,4
4,Houston Texans,81,72,12,MIN,23-31(L),97.5,17,20.9,17,18.7,18,43.2,9,11.7,14,0,1,3,18
4,Miami Dolphins,80,85,12,SEA,23-31(L),96.5,18,24.5,9,17.9,21,42.6,10,7.5,24,0,1,4,13
4,Kansas City Chiefs,93,86,12,NE,26-10(W),95.4,19,20.2,18,12.3,26,36.4,18,11.5,16,0,1,15,2
4,New York Jets,68,70,12,DEN,28-37(L),93.3,20,24.2,11,9.2,29,41.8,14,6.1,25,0,1,12,3
4,Detroit Lions,78,73,12,NO,29-35(L),92.8,21,21.5,16,27,14,27.1,24,13.2,12,0,1,4,13
4,Baltimore Ravens,86,88,11,WAS,31-17(W),89.9,22,25.3,6,17.2,22,22.8,27,22.6,5,0,1,2,21
4,Atlanta Falcons,86,74,12,GB,16-30(L),88.3,23,12.4,26,29.3,12,35.5,19,9.1,21,0,1,2,21
4,Arizona Cardinals,86,77,12,CAR,21-31(L),86.5,24,24.1,12,18.5,20,26.7,25,15.2,8,0,1,2,21
4,Philadelphia Eagles,73,80,12,SF,25-20(W),85.7,25,22.4,14,10,28,25.7,26,11.6,15,0,1,16,1
4,Los Angeles Rams,82,89,12,NYG,17-9(W),81.8,26,11.7,27,15.4,23,32.9,21,13.8,11,0,1,8,4
4,Chicago Bears,69,87,12,IND,11-19(L),80.9,27,12.9,25,8.9,30,45.2,8,8.9,22,0,1,5,11
4,New England Patriots,77,84,12,KC,10-26(L),76.1,28,8.7,30,28.9,13,33.5,20,0,30,0,1,5,11
4,New York Giants,74,78,12,LAR,9-17(L),68.2,29,11.1,29,19.1,17,20.5,28,11.5,16,0,1,6,8
4,Indianapolis Colts,80,86,12,CHI,19-11(W),66.9,30,11.2,28,19.2,16,18.4,29,14.1,10,0,1,4,13
5,Houston Texans,81,72,12,JAX,30-14(W),137.2,1,29.9,6,15.2,27,62,2,15.1,8,0,1,15,2
5,Miami Dolphins,80,85,12,SF,43-17(W),131.7,2,30.6,3,27,9,41.7,11,21.4,3,0,1,11,6
5,Las Vegas Raiders,79,76,12,KC,40-32(W),128.5,3,28,8,37.2,2,43.9,10,18.4,6,0,1,1,26
5,Arizona Cardinals,86,77,12,NYJ,30-10(W),127.9,4,30.3,4,33.4,4,56.5,4,5.7,21,0,1,2,23
5,Pittsburgh Steelers,85,95,11,PHI,38-29(W),123.1,5,21.4,13,17.8,23,69.2,1,9.7,16,0,1,5,19
5,Kansas City Chiefs,93,86,12,OAK,32-40(L),120.4,6,32.7,1,16.7,25,41.2,12,27.8,1,0,1,2,23
5,Los Angeles Rams,82,89,12,WAS,30-10(W),118.2,7,28.4,7,31.3,5,35.3,19,16.2,7,0,1,7,10
5,Tennessee Titans,83,75,12,BUF,42-16(W),117.2,8,30,5,24.6,10,29.7,22,25.9,2,0,1,7,10
5,New Orleans Saints,88,83,12,LAC,30-27(W),116.8,9,32.4,2,27.6,8,40.5,13,14.3,10,0,1,2,23
5,Los Angeles Chargers,83,78,12,NO,27-30(L),115.1,10,27.4,9,19.2,19,49.8,8,14.7,9,0,1,4,20
5,Minnesota Vikings,82,74,12,SEA,26-27(L),115,11,16.2,18,41.4,1,39,16,12.4,12,0,1,6,15
5,Carolina Panthers,81,73,12,ATL,23-16(W),113,12,23.8,11,29.8,6,55.4,6,0,28,0,1,4,20
5,Philadelphia Eagles,73,80,12,PIT,29-38(L),110,13,19.1,15,24.2,11,56.3,5,4.4,23,0,1,6,15
5,Seattle Seahawks,87,74,12,MIN,27-26(W),108.8,14,25.5,10,21.3,14,39.1,15,11.9,14,0,1,11,6
5,Jacksonville Jaguars,73,70,12,HOU,14-30(L),107.6,15,23.8,11,18.2,22,50,7,9.6,17,0,1,6,15
5,Dallas Cowboys,74,72,11,NYG,37-34(W),106.8,16,17.8,16,28.7,7,49.4,9,3.9,25,0,1,7,10
5,Cleveland Browns,82,75,12,IND,32-23(W),102.1,17,17.6,17,22.9,13,36.3,18,12.3,13,0,1,13,4
5,Buffalo Bills,87,84,11,TEN,16-42(L),99.4,18,19.2,14,18.7,21,58,3,2.5,27,0,1,1,26
5,Baltimore Ravens,86,88,11,CIN,27-3(W),92.6,19,14.4,19,16.7,25,27.7,25,18.8,5,0,1,15,2
5,Chicago Bears,69,87,12,TB,20-19(W),92.5,20,12.6,22,18.9,20,36.8,17,14.2,11,0,1,10,8
5,New York Giants,74,78,12,DAL,34-37(L),91,21,8.2,24,23.5,12,32.1,20,11.2,15,0,1,16,1
5,Tampa Bay Buccaneers,87,85,12,CHI,19-20(L),89,22,14.1,20,20,18,29.4,23,19.5,4,0,1,6,15
5,Atlanta Falcons,86,74,12,CAR,16-23(L),81.1,23,7.9,25,36,3,30.5,21,5.7,22,0,1,1,26
5,Indianapolis Colts,80,86,12,CLE,23-32(L),77.8,24,7.6,27,20.5,16,29.4,23,8.3,19,0,1,12,5
5,New York Jets,68,70,12,ARI,10-30(L),75.1,25,13.8,21,8.2,28,40.2,14,5.9,20,0,1,7,10
5,San Francisco 49ers,80,79,11,MIA,17-43(L),62,26,7.9,25,20.1,17,22.6,26,8.4,18,0,1,3,22
5,Cincinnati Bengals,79,69,12,BAL,3-27(L),58.6,27,6.3,28,16.8,24,21.3,27,4.2,24,0,1,10,8
5,Washington Football Team,71,85,11,LAR,10-30(L),50.4,28,11.3,23,21,15,7.7,28,3.4,26,0,1,7,10
6,Tennessee Titans,83,75,12,HOU,42-36(W),169.5,1,34.2,4,51.6,1,52.1,5,33.6,1,0,1,-2,28
6,Atlanta Falcons,86,74,12,MIN,40-23(W),138.5,2,34.6,3,17.6,18,67.6,1,15.7,12,0,1,3,16
6,Houston Texans,81,72,12,TEN,36-42(L),136.1,3,35,2,16,21,59.8,3,25.3,4,0,1,0,27
6,Indianapolis Colts,80,86,12,CIN,31-27(W),123.9,4,28.7,8,23.1,9,36.3,11,32.8,2,0,1,3,16
6,Minnesota Vikings,82,74,12,ATL,23-40(L),121.6,5,30.9,6,7.3,27,60.6,2,19.8,9,0,1,3,16
6,Philadelphia Eagles,73,80,12,BAL,28-30(L),117.6,6,35.2,1,18.1,16,34.6,13,20.7,7,0,1,9,5
6,San Francisco 49ers,80,79,11,LAR,24-16(W),107.9,7,23.5,9,18.1,16,35.4,12,26.9,3,0,1,4,13
6,Kansas City Chiefs,93,86,12,BUF,26-17(W),107,8,20.6,11,36.7,3,24,20,23.7,5,0,1,2,23
6,Arizona Cardinals,86,77,12,DAL,38-10(W),105.4,9,28.9,7,35.3,4,37.1,10,1.1,26,0,1,3,16
6,Tampa Bay Buccaneers,87,85,12,GB,38-10(W),105,10,14.8,20,35,5,21.1,24,20.1,8,0,1,14,2
6,Cincinnati Bengals,79,69,12,IND,27-31(L),104.6,11,20.7,10,26.7,7,54.2,4,0,27,0,1,3,16
6,Detroit Lions,78,73,12,JAX,34-16(W),103.2,12,13.3,21,46.1,2,30.8,16,11,16,0,1,2,23
6,Washington Football Team,71,85,11,NYG,19-20(L),100.8,13,18,15,25.9,8,39.7,8,13.2,15,0,1,4,13
6,Pittsburgh Steelers,85,95,11,CLE,38-7(W),95.4,14,10.9,24,31.1,6,37.5,9,2.9,24,0,1,13,3
6,Miami Dolphins,80,85,12,NYJ,24-0(W),92,15,18.4,14,22,10,25.1,19,21.5,6,0,1,5,10
6,Dallas Cowboys,74,72,11,ARI,10-38(L),91.9,16,13,22,21.3,11,45.1,6,7.5,19,0,1,5,10
6,Baltimore Ravens,86,88,11,PHI,30-28(W),90.2,17,31.2,5,15.5,22,22.1,23,16.4,11,0,1,5,10
6,Jacksonville Jaguars,73,70,12,DET,16-34(L),83.4,18,20.1,13,19.8,14,40.5,7,0,27,0,1,3,16
6,Chicago Bears,69,87,12,CAR,23-16(W),80,19,17.3,16,13.7,24,22.6,22,18.4,10,0,1,8,7
6,Los Angeles Rams,82,89,12,SF,16-24(L),78,20,15.9,18,14.4,23,32.4,15,14.3,13,0,1,1,26
6,New York Jets,68,70,12,MIA,0-24(L),73.5,21,6.4,26,20.8,13,26.6,18,3.7,22,0,1,16,1
6,New England Patriots,77,84,12,DEN,18-12(W),71,22,20.5,12,21,12,13.7,28,5.8,20,0,1,10,4
6,Carolina Panthers,81,73,12,CHI,16-23(L),63.4,23,11.4,23,17.2,19,28.3,17,3.5,23,0,1,3,16
6,Denver Broncos,80,79,12,NE,12-18(L),63,24,5.5,28,17.1,20,23.2,21,8.2,18,0,1,9,5
6,Buffalo Bills,87,84,11,KC,17-26(L),60.5,25,16.1,17,6.5,28,34.2,14,1.7,25,0,1,2,23
6,Cleveland Browns,82,75,12,PIT,7-38(L),59.6,26,9.1,25,10.7,25,19.8,26,14,14,0,1,6,8
6,New York Giants,74,78,12,WAS,20-19(W),55.9,27,14.9,19,8.7,26,16.8,27,9.5,17,0,1,6,8
6,Green Bay Packers,88,80,12,TB,10-38(L),55.8,28,5.8,27,19.6,15,20.9,25,5.5,21,0,1,4,13
7,Tampa Bay Buccaneers,87,85,12,OAK,45-20(W),152.2,1,39.9,3,26.3,9,63.8,4,21.2,4,0,1,1,23
7,Seattle Seahawks,87,74,12,ARI,34-37(L),147.3,2,35.9,5,26.5,8,69.1,2,14.8,10,0,1,1,23
7,Los Angeles Chargers,83,78,12,JAX,39-29(W),145.7,3,41.5,1,21.4,15,51.7,7,24.1,3,0,1,7,9
7,Arizona Cardinals,86,77,12,SEA,37-34(W),144.3,4,41.1,2,26.6,6,64.9,3,7.7,22,0,1,4,16
7,Cincinnati Bengals,79,69,12,CLE,34-37(L),144.1,5,38.6,4,22.2,13,72.1,1,10.2,20,0,1,1,23
7,Cleveland Browns,82,75,12,CIN,37-34(W),129.5,6,30.8,7,19.5,17,45.6,12,31.6,1,0,1,2,19
7,Green Bay Packers,88,80,12,HOU,35-20(W),126.2,7,27.2,8,22.5,12,57.1,6,14.4,12,0,1,5,12
7,Philadelphia Eagles,73,80,12,NYG,22-21(W),117.9,8,32,6,22.6,11,43.8,13,14.5,11,0,1,5,12
7,Atlanta Falcons,86,74,12,DET,22-23(L),110.9,9,19.5,15,28.2,5,48.4,11,12.8,16,0,1,2,19
7,New Orleans Saints,88,83,12,CAR,27-24(W),110,10,25.3,10,29.4,4,41.1,15,13.2,14,0,1,1,23
7,Houston Texans,81,72,12,GB,20-35(L),105.2,11,27.2,8,26.6,7,48.4,10,0,27,0,1,3,17
7,San Francisco 49ers,80,79,11,NE,33-6(W),104.9,12,9.5,24,43.2,1,32.7,20,10.5,19,0,1,9,6
7,Pittsburgh Steelers,85,95,11,TEN,27-24(W),103.9,13,15.6,22,21.4,14,50.5,8,14.4,12,0,1,2,19
7,Detroit Lions,78,73,12,ATL,23-22(W),103,14,21.4,12,18.8,20,42.6,14,18.2,7,0,1,2,19
7,Los Angeles Rams,82,89,12,CHI,24-10(W),102.8,15,16.9,20,21.4,15,36,18,20.5,5,0,1,8,8
7,Washington Football Team,71,85,11,DAL,25-3(W),102,16,16.9,20,32.3,3,25.2,23,17.6,9,0,1,10,4
7,Buffalo Bills,87,84,11,NYJ,18-10(W),101.6,17,20.4,13,16.9,23,40.4,16,12.9,15,0,1,11,3
7,Kansas City Chiefs,93,86,12,DEN,43-16(W),95.9,18,18.3,18,18.9,19,30,21,10.7,18,0,1,18,1
7,Tennessee Titans,83,75,12,PIT,24-27(L),92,19,17.3,19,15.4,24,48.7,9,4.6,23,0,1,6,10
7,Las Vegas Raiders,79,76,12,TB,20-45(L),91.2,20,20.3,14,11.9,25,39.4,17,18.6,6,0,1,1,23
7,Denver Broncos,80,79,12,KC,16-43(L),90.3,21,15,23,24.6,10,21.4,25,24.3,2,0,1,5,12
7,New York Giants,74,78,12,PHI,21-22(L),90.2,22,22.7,11,18.5,21,33.1,19,10.9,17,0,1,5,12
7,Jacksonville Jaguars,73,70,12,LAC,29-39(L),89.2,23,19,17,34.7,2,24.3,24,8.2,21,0,1,3,17
7,Carolina Panthers,81,73,12,NO,24-27(L),89,24,19.2,16,9.3,28,57.4,5,2.1,26,0,1,1,23
7,Chicago Bears,69,87,12,LAR,10-24(L),77.4,25,8.4,25,11.9,25,29,22,18.1,8,0,1,10,4
7,New England Patriots,77,84,12,SF,6-33(L),54,26,4.7,27,17,22,16.7,27,3.6,25,0,1,12,2
7,New York Jets,68,70,12,BUF,10-18(L),48.7,27,2.8,28,19.5,17,20.4,26,0,27,0,1,6,10
7,Dallas Cowboys,74,72,11,WAS,3-25(L),43.3,28,5.2,26,9.3,27,15.6,28,4.2,24,0,1,9,6
8,Kansas City Chiefs,93,86,12,NYJ,35-9(W),151.3,1,40.3,1,13.2,25,69.9,1,30.9,1,0,1,-3,28
8,Indianapolis Colts,80,86,12,DET,41-21(W),131.8,2,22.3,7,44.8,2,20.1,23,26.6,2,0,1,18,1
8,Seattle Seahawks,87,74,12,SF,37-27(W),121.2,3,28.7,3,23.2,14,64,3,4.3,24,0,1,1,23
8,Los Angeles Rams,82,89,12,MIA,17-28(L),117.8,4,17.2,18,20.9,16,66.1,2,11.6,12,0,1,2,15
8,Los Angeles Chargers,83,78,12,DEN,30-31(L),112.7,5,23.2,6,35.2,3,44,9,7.3,18,0,1,3,14
8,Denver Broncos,80,79,12,LAC,31-30(W),111.5,6,20.8,8,26.3,10,39.8,12,19.6,4,0,1,5,9
8,Detroit Lions,78,73,12,IND,21-41(L),109.9,7,27.4,4,17,19,46.7,6,16.8,7,0,1,2,15
8,Green Bay Packers,88,80,12,MIN,22-28(L),109.8,8,23.5,5,22.8,15,41,10,20.5,3,0,1,2,15
8,New Orleans Saints,88,83,12,CHI,26-23(W),107.8,9,34.1,2,31.4,5,17.5,24,17.8,6,0,1,7,7
8,San Francisco 49ers,80,79,11,SEA,27-37(L),107.2,10,20.3,9,26,11,44.4,7,14.5,10,0,1,2,15
8,Cincinnati Bengals,79,69,12,TEN,31-20(W),106.7,11,18.9,11,33.2,4,51.4,5,1.2,27,0,1,2,15
8,Tampa Bay Buccaneers,87,85,12,NYG,25-23(W),101.2,12,19.1,10,17.7,18,37.8,16,19.6,4,0,1,7,7
8,Tennessee Titans,83,75,12,CIN,20-31(L),100.7,13,18.3,14,26.6,9,44.3,8,10.5,14,0,1,1,23
8,Baltimore Ravens,86,88,11,PIT,24-28(L),98.6,14,18.8,13,30.8,6,40.8,11,6.2,19,0,1,2,15
8,New York Giants,74,78,12,TB,23-25(L),97.6,15,18.2,15,24.1,13,37.8,15,15.5,8,0,1,2,15
8,Chicago Bears,69,87,12,NO,23-26(L),95.7,16,18.2,15,13.7,23,58.3,4,4.5,22,0,1,1,23
8,Atlanta Falcons,86,74,12,CAR,25-17(W),92.4,17,18.9,11,19.3,17,38.8,13,10.4,15,0,1,5,9
8,Pittsburgh Steelers,85,95,11,BAL,28-24(W),90.3,18,15.3,19,15.1,22,31.1,18,14.8,9,0,1,14,2
8,Minnesota Vikings,82,74,12,GB,28-22(W),81.5,19,10.4,24,52.4,1,13.9,27,4.8,21,0,1,0,27
8,New England Patriots,77,84,12,BUF,21-24(L),76.6,20,17.6,17,28.8,8,21.8,22,4.4,23,0,1,4,12
8,Carolina Panthers,81,73,12,ATL,17-25(L),72.9,21,13.1,21,8.7,27,38.7,14,7.4,16,0,1,5,9
8,Philadelphia Eagles,73,80,12,DAL,23-9(W),72.8,22,11.2,23,13.7,23,35.4,17,2.5,25,0,1,10,5
8,Buffalo Bills,87,84,11,NE,24-21(W),70.6,23,13.5,20,30.3,7,22.7,20,2.1,26,0,1,2,15
8,Dallas Cowboys,74,72,11,PHI,9-23(L),69.5,24,7.4,27,16.7,20,22.1,21,11.3,13,0,1,12,4
8,Las Vegas Raiders,79,76,12,CLE,16-6(W),65.2,25,12.6,22,24.2,12,15.5,26,11.9,11,0,1,1,23
8,Miami Dolphins,80,85,12,LAR,28-17(W),58.5,26,7.7,26,15.6,21,16.8,25,5.4,20,0,1,13,3
8,Cleveland Browns,82,75,12,OAK,6-16(L),47.2,27,7.8,25,11.4,26,11.6,28,7.4,16,0,1,9,6
8,New York Jets,68,70,12,KC,9-35(L),43.6,28,7.4,27,6.1,28,25.8,19,0.3,28,0,1,4,12
9,Buffalo Bills,87,84,11,SEA,44-34(W),145.5,1,39,2,19.2,15,75.2,1,7.1,23,0,1,5,7
9,Minnesota Vikings,82,74,12,DET,34-20(W),135.3,2,20.8,18,58.3,1,15.2,28,22,3,0,1,19,1
9,Kansas City Chiefs,93,86,12,CAR,33-31(W),132.8,3,33.9,4,13.7,23,55.3,6,28.9,1,0,1,1,23
9,Carolina Panthers,81,73,12,KC,31-33(L),131.6,4,31.3,7,45.8,2,52.7,8,1.8,26,0,1,0,26
9,New Orleans Saints,88,83,12,TB,38-3(W),129,5,34.3,3,23,11,40.4,19,26.3,2,0,1,5,7
9,Seattle Seahawks,87,74,12,BUF,34-44(L),127.8,6,29.1,8,22.9,12,51.9,9,17.9,6,0,1,6,4
9,Green Bay Packers,88,80,12,SF,34-17(W),126.8,7,31.8,6,24.9,8,57.8,4,10.3,16,0,1,2,16
9,Arizona Cardinals,86,77,12,MIA,31-34(L),121.4,8,41.9,1,13.7,23,44.7,15,19.1,4,0,1,2,16
9,Pittsburgh Steelers,85,95,11,DAL,24-19(W),115.8,9,28.1,9,8.3,26,63,2,12.4,13,0,1,4,9
9,Denver Broncos,80,79,12,ATL,27-34(L),114.1,10,33.2,5,6,28,59.6,3,11.3,14,0,1,4,9
9,Atlanta Falcons,86,74,12,DEN,34-27(W),113.9,11,23.4,15,15.9,18,57.2,5,15.4,9,0,1,2,16
9,Washington Football Team,71,85,11,NYG,20-23(L),113.5,12,19.5,19,31.7,3,50.5,10,5.8,24,0,1,6,4
9,Chicago Bears,69,87,12,TEN,17-24(L),112.4,13,24.6,12,19.7,14,46.6,13,17.5,7,0,1,4,9
9,Jacksonville Jaguars,73,70,12,HOU,25-27(L),109.1,14,25.5,11,23.7,10,47.2,12,10.7,15,0,1,2,16
9,Los Angeles Chargers,83,78,12,OAK,26-31(L),107.8,15,26.4,10,24.1,9,49,11,7.3,22,0,1,1,23
9,Detroit Lions,78,73,12,MIN,20-34(L),103.2,16,17.7,21,29.5,5,39.1,20,14.9,10,0,1,2,16
9,New England Patriots,77,84,12,NYJ,30-27(W),101.7,17,24.6,12,29.2,6,45.9,14,0,28,0,1,2,16
9,Houston Texans,81,72,12,JAX,27-25(W),98,18,24.2,14,17.9,17,43.4,17,8.5,21,0,1,4,9
9,New York Giants,74,78,12,WAS,23-20(W),93.3,19,12.9,26,27.1,7,26.7,24,18.6,5,0,1,8,2
9,Miami Dolphins,80,85,12,ARI,34-31(W),89.8,20,21.4,17,14.3,22,44,16,10.1,17,0,1,0,26
9,New York Jets,68,70,12,NE,27-30(L),87.4,21,21.5,16,7.9,27,53.2,7,4.8,25,0,1,0,26
9,San Francisco 49ers,80,79,11,GB,17-34(L),85.8,22,13.6,25,19.1,16,41.6,18,9.5,18,0,1,2,16
9,Las Vegas Raiders,79,76,12,LAC,31-26(W),82.5,23,15,23,29.8,4,22.5,26,14.2,11,0,1,1,23
9,Dallas Cowboys,74,72,11,PIT,19-24(L),80.4,24,15.5,22,15.7,20,36.8,21,9.4,19,0,1,3,14
9,Indianapolis Colts,80,86,12,BAL,10-24(L),78,25,8.1,27,22,13,33,22,8.9,20,0,1,6,4
9,Tennessee Titans,83,75,12,CHI,24-17(W),68.3,26,14.6,24,8.9,25,24.7,25,16.1,8,0,1,4,9
9,Baltimore Ravens,86,88,11,IND,24-10(W),67.8,27,18.6,20,15.9,18,16.5,27,13.8,12,0,1,3,14
9,Tampa Bay Buccaneers,87,85,12,NO,3-38(L),57.1,28,5.3,28,14.9,21,27.7,23,1.2,27,0,1,8,2
10,Tampa Bay Buccaneers,87,85,12,CAR,46-23(W),144.7,1,34.8,1,33.8,8,49.9,3,25.2,1,0,1,1,25
10,Pittsburgh Steelers,85,95,11,CIN,36-10(W),124,2,32.3,2,8,24,77.9,1,5.8,20,0,1,0,28
10,Buffalo Bills,87,84,11,ARI,30-32(L),116.8,3,29.4,4,4.7,26,75.1,2,3.6,22,0,1,4,15
10,Indianapolis Colts,80,86,12,TEN,34-17(W),115.4,4,25.5,6,37,6,40.6,8,10.3,12,0,1,2,23
10,Washington Football Team,71,85,11,DET,27-30(L),112.9,5,19,12,42.8,2,39.5,10,10.6,11,0,1,1,25
10,Green Bay Packers,88,80,12,JAX,24-20(W),112.5,6,29.4,4,24.3,13,47.5,5,6.3,18,0,1,5,11
10,Los Angeles Rams,82,89,12,SEA,23-16(W),109.9,7,14.5,16,33.2,9,38.5,11,13.7,8,0,1,10,3
10,Detroit Lions,78,73,12,WAS,30-27(W),104.1,8,23,7,30.2,11,43.7,6,6.2,19,0,1,1,25
10,Arizona Cardinals,86,77,12,BUF,32-30(W),104,9,30.9,3,21.6,15,41.1,7,7.4,15,0,1,3,20
10,Minnesota Vikings,82,74,12,CHI,19-13(W),100,10,18.6,13,15.6,20,48.4,4,12.4,9,0,1,5,11
10,Las Vegas Raiders,79,76,12,DEN,37-12(W),95.9,11,7.2,26,53.9,1,17.1,25,6.7,16,0,1,11,2
10,New York Giants,74,78,12,PHI,27-17(W),91.3,12,22.2,9,26.1,12,33.3,14,6.7,16,0,1,3,20
10,Baltimore Ravens,86,88,11,NE,17-23(L),90.2,13,22.5,8,16.9,19,34.3,12,14.5,5,0,1,2,23
10,Philadelphia Eagles,73,80,12,NYG,17-27(L),86.3,14,8.6,25,37,6,19.4,22,17.3,3,0,1,4,15
10,Miami Dolphins,80,85,12,LAC,29-21(W),80.8,15,14.7,15,18.1,16,25.2,19,17.8,2,0,1,5,11
10,New England Patriots,77,84,12,BAL,23-17(W),80.2,16,16.8,14,40.5,4,15.9,26,3,24,0,1,4,15
10,Tennessee Titans,83,75,12,IND,17-34(L),78.3,17,10.8,23,30.9,10,17.6,23,11,10,0,1,8,5
10,Seattle Seahawks,87,74,12,LAR,16-23(L),77.1,18,12.9,19,23.8,14,26.9,18,9.5,13,0,1,4,15
10,San Francisco 49ers,80,79,11,NO,13-27(L),77,19,12.2,21,12.5,21,30.9,15,14.4,6,0,1,7,6
10,Cincinnati Bengals,79,69,12,PIT,10-36(L),75.8,20,12.5,20,17.4,18,40,9,1.9,26,0,1,4,15
10,Jacksonville Jaguars,73,70,12,GB,20-24(L),74.6,21,9.8,24,17.7,17,33.6,13,3.5,23,0,1,10,3
10,Carolina Panthers,81,73,12,TB,23-46(L),73.7,22,20.5,11,10.9,22,29.9,16,9.4,14,0,1,3,20
10,New Orleans Saints,88,83,12,SF,27-13(W),72.8,23,13.7,18,40.5,4,12.6,27,0,28,0,1,6,8
10,Cleveland Browns,82,75,12,HOU,10-7(W),71.6,24,5.4,27,40.8,3,17.3,24,2.1,25,0,1,6,8
10,Los Angeles Chargers,83,78,12,MIA,21-29(L),70,25,21.5,10,2.1,28,25.1,20,15.3,4,0,1,6,8
10,Houston Texans,81,72,12,CLE,7-10(L),66.8,26,14.1,17,6.2,25,27.4,17,14.1,7,0,1,5,11
10,Chicago Bears,69,87,12,MIN,13-19(L),46.8,27,4.1,28,3.7,27,24.3,21,1.7,27,0,1,13,1
10,Denver Broncos,80,79,12,OAK,12-37(L),43,28,11,22,9.4,23,10.8,28,4.8,21,0,1,7,6
11,Los Angeles Chargers,83,78,12,NYJ,34-28(W),142.9,1,30.7,2,19.9,16,63.5,2,14.8,9,0,1,14,3
11,Los Angeles Rams,82,89,12,TB,27-24(W),137.3,2,28,3,15.6,21,76,1,12.7,13,0,1,5,13
11,Kansas City Chiefs,93,86,12,OAK,35-31(W),133.9,3,25.5,6,31.3,2,47.7,7,31.4,1,0,1,-2,28
11,Minnesota Vikings,82,74,12,DAL,28-31(L),126.5,4,27,4,30.6,4,54.8,5,10.1,17,0,1,4,16
11,Pittsburgh Steelers,85,95,11,JAX,27-3(W),118,5,17.3,15,20.7,15,56.4,4,13.6,12,0,1,10,5
11,Green Bay Packers,88,80,12,IND,31-34(L),117.1,6,26.7,5,25.7,9,40.2,11,22.5,3,0,1,2,21
11,Houston Texans,81,72,12,NE,27-20(W),112.7,7,34.4,1,9.7,26,44.2,9,22.4,4,0,1,2,21
11,Indianapolis Colts,80,86,12,GB,34-31(W),109.3,8,23.3,8,27.3,8,36,17,20.7,5,0,1,2,21
11,Dallas Cowboys,74,72,11,MIN,31-28(W),108.4,9,20.3,12,34.4,1,37.9,14,14.8,9,0,1,1,25
11,Tennessee Titans,83,75,12,BAL,30-24(W),108,10,22.2,10,24.5,10,40,12,19.3,7,0,1,2,21
11,New England Patriots,77,84,12,HOU,20-27(L),106.2,11,22.2,10,29.9,6,45.2,8,7.9,21,0,1,1,25
11,Las Vegas Raiders,79,76,12,KC,31-35(L),104.3,12,22.6,9,16.3,20,33.1,20,31.3,2,0,1,1,25
11,Arizona Cardinals,86,77,12,SEA,21-28(L),101.4,13,20.3,12,30.9,3,34.9,18,12.3,14,0,1,3,20
11,New Orleans Saints,88,83,12,ATL,24-9(W),99.4,14,25.4,7,21,14,36.5,16,4.5,25,0,1,12,4
11,Denver Broncos,80,79,12,MIA,20-13(W),96.7,15,12.1,21,27.6,7,34.1,19,13.9,11,0,1,9,6
11,Seattle Seahawks,87,74,12,ARI,28-21(W),95,16,20.1,14,22.7,13,37.8,15,9.4,19,0,1,5,13
11,Carolina Panthers,81,73,12,DET,20-0(W),94.7,17,12.1,21,18.8,17,57.8,3,0,27,0,1,6,11
11,Tampa Bay Buccaneers,87,85,12,LAR,24-27(L),88.4,18,14.6,19,12,25,48,6,9.8,18,0,1,4,16
11,New York Jets,68,70,12,LAC,28-34(L),83,19,15.4,18,23.8,11,27.6,22,11.2,16,0,1,5,13
11,Cincinnati Bengals,79,69,12,WAS,9-20(L),80.6,20,14.4,20,12.6,24,40.7,10,4.9,24,0,1,8,8
11,Cleveland Browns,82,75,12,PHI,22-17(W),80.3,21,8.1,25,23.5,12,24.4,23,6.3,23,0,1,18,1
11,Philadelphia Eagles,73,80,12,CLE,17-22(L),72.7,22,17,16,18.1,19,14.9,27,18.7,8,0,1,4,16
11,Miami Dolphins,80,85,12,DEN,13-20(L),71.6,23,11.6,23,14.6,23,31.1,21,8.3,20,0,1,6,11
11,Baltimore Ravens,86,88,11,TEN,24-30(L),68.6,24,16.5,17,18.3,18,9.2,28,20.6,6,0,1,4,16
11,Washington Football Team,71,85,11,CIN,20-9(W),68.3,25,9.3,24,30.1,5,19.1,25,2.8,26,0,1,7,9
11,Detroit Lions,78,73,12,CAR,0-20(L),61.9,26,7.6,26,7.6,27,19.6,24,12.1,15,0,1,15,2
11,Atlanta Falcons,86,74,12,NO,9-24(L),60.3,27,7.3,27,6.2,28,39.8,13,0,27,0,1,7,9
11,Jacksonville Jaguars,73,70,12,PIT,3-27(L),48.1,28,2,28,14.9,22,15,26,7.2,22,0,1,9,6
12,Kansas City Chiefs,93,86,12,TB,27-24(W),150.4,1,35.3,2,10.1,29,82.6,1,17.4,6,0,1,5,16
12,Houston Texans,81,72,12,DET,41-25(W),133.6,2,38.3,1,24.4,11,59.5,3,0.4,29,0,1,11,4
12,Minnesota Vikings,82,74,12,CAR,28-27(W),129,3,32.4,3,12.8,27,62.9,2,16.9,8,0,1,4,21
12,Tampa Bay Buccaneers,87,85,12,KC,24-27(L),118.8,4,26.7,5,22.3,14,40.8,9,27,3,0,1,2,27
12,Green Bay Packers,88,80,12,CHI,41-25(W),117.7,5,25.6,6,23.3,12,37,12,28.8,2,0,1,3,23
12,Chicago Bears,69,87,12,GB,25-41(L),110.5,6,24,7,30.3,8,48.2,4,8,18,0,1,0,31
12,Tennessee Titans,83,75,12,IND,45-26(W),109.8,7,18.6,12,48.9,2,30.3,21,6,21,0,1,6,13
12,Detroit Lions,78,73,12,HOU,25-41(L),109,8,19.3,10,35.9,3,35.9,16,15.9,9,0,1,2,27
12,Los Angeles Chargers,83,78,12,BUF,17-27(L),106.9,9,22.6,8,34.5,6,30.1,22,13.7,11,0,1,6,13
12,Cleveland Browns,82,75,12,JAX,27-25(W),106.8,10,18.4,14,35.8,4,39.9,10,12.7,13,0,1,0,31
12,Pittsburgh Steelers,85,95,11,BAL,19-14(W),103,11,13.5,21,15.9,22,46.2,5,12.4,14,0,1,15,1
12,Indianapolis Colts,80,86,12,TEN,26-45(L),102.9,12,31.1,4,26.2,10,27.5,23,17.1,7,0,1,1,30
12,Miami Dolphins,80,85,12,NYJ,20-3(W),99.4,13,19.3,10,14.2,24,33.8,17,24.1,4,0,1,8,9
12,Washington Football Team,71,85,11,DAL,41-16(W),99.2,14,9.1,24,50,1,18.7,27,13.4,12,0,1,8,9
12,Jacksonville Jaguars,73,70,12,CLE,25-27(L),97.9,15,18,15,29.9,9,33.7,18,14.3,10,0,1,2,27
12,Atlanta Falcons,86,74,12,OAK,43-6(W),94,16,14.5,19,23,13,36.6,15,10.9,15,0,1,9,8
12,Philadelphia Eagles,73,80,12,SEA,17-23(L),90.1,17,20,9,18.7,20,13.6,30,34.8,1,0,1,3,23
12,Buffalo Bills,87,84,11,LAC,27-17(W),89,18,17.5,16,21,15,37,12,8.5,16,0,1,5,16
12,Seattle Seahawks,87,74,12,PHI,23-17(W),88.8,19,14.4,20,18.8,19,44.5,6,3.1,26,0,1,8,9
12,San Francisco 49ers,80,79,11,LAR,23-20(W),84.6,20,9.1,24,19.8,16,37.6,11,5.1,24,0,1,13,2
12,Arizona Cardinals,86,77,12,NE,17-20(L),79.6,21,8.9,26,32.6,7,24.4,24,5.7,22,0,1,8,9
12,Carolina Panthers,81,73,12,MIN,27-28(L),79.1,22,14.9,17,15.5,23,42.2,8,3.5,25,0,1,3,23
12,Dallas Cowboys,74,72,11,WAS,16-41(L),78.1,23,13.3,22,8.1,31,43.3,7,7.4,19,0,1,6,13
12,New Orleans Saints,88,83,12,DEN,31-3(W),72.8,24,18.5,13,35.4,5,13.1,31,1.8,28,0,1,4,21
12,New York Giants,74,78,12,CIN,19-17(W),70.2,25,12.3,23,16.1,21,15.9,29,20.9,5,0,1,5,16
12,Las Vegas Raiders,79,76,12,ATL,6-43(L),67.6,26,6.5,29,7.9,32,36.9,14,6.3,20,0,1,10,6
12,Los Angeles Rams,82,89,12,SF,20-23(L),66.3,27,6,30,19.2,18,30.9,19,5.2,23,0,1,5,16
12,New York Jets,68,70,12,MIA,3-20(L),61.3,28,6.8,28,13.1,25,30.4,20,0,30,0,1,11,4
12,Cincinnati Bengals,79,69,12,NYG,17-19(L),56.3,29,8.1,27,10.2,28,19.5,26,8.5,16,0,1,10,6
12,Baltimore Ravens,86,88,11,PIT,14-19(L),54.3,30,14.8,18,13,26,23.5,25,0,30,0,1,3,23
12,New England Patriots,77,84,12,ARI,20-17(W),46.8,31,6,30,19.4,17,16.4,28,0,30,0,1,5,16
12,Denver Broncos,80,79,12,NO,3-31(L),22.8,32,-0.8,32,10.1,30,-0.8,32,2.3,27,0,1,12,3
13,New York Giants,74,78,12,SEA,17-12(W),14,1,0,1,0,1,0,1,0,1,0,1,14,1
13,Jacksonville Jaguars,73,70,12,MIN,24-27(L),13,2,0,1,0,1,0,1,0,1,0,1,13,2
13,New England Patriots,77,84,12,LAC,45-0(W),12,3,0,1,0,1,0,1,0,1,0,1,12,3
13,Philadelphia Eagles,73,80,12,GB,16-30(L),12,3,0,1,0,1,0,1,0,1,0,1,12,3
13,Miami Dolphins,80,85,12,CIN,19-7(W),11,4,0,1,0,1,0,1,0,1,0,1,11,5
13,Los Angeles Chargers,83,78,12,NE,0-45(L),11,4,0,1,0,1,0,1,0,1,0,1,11,5
13,Seattle Seahawks,87,74,12,NYG,12-17(L),10,5,0,1,0,1,0,1,0,1,0,1,10,7
13,Indianapolis Colts,80,86,12,HOU,26-20(W),9,6,0,1,0,1,0,1,0,1,0,1,9,8
13,Los Angeles Rams,82,89,12,ARI,38-28(W),9,6,0,1,0,1,0,1,0,1,0,1,9,8
13,Green Bay Packers,88,80,12,PHI,30-16(W),8,7,0,1,0,1,0,1,0,1,0,1,8,10
13,Minnesota Vikings,82,74,12,JAX,27-24(W),8,7,0,1,0,1,0,1,0,1,0,1,8,10
13,Tennessee Titans,83,75,12,CLE,35-41(L),5,8,0,1,0,1,0,1,0,1,0,1,5,12
13,Cincinnati Bengals,79,69,12,MIA,7-19(L),4,9,0,1,0,1,0,1,0,1,0,1,4,13
13,Houston Texans,81,72,12,IND,20-26(L),4,9,0,1,0,1,0,1,0,1,0,1,4,13
13,Kansas City Chiefs,93,86,12,DEN,22-16(W),4,9,0,1,0,1,0,1,0,1,0,1,4,13
13,New York Jets,68,70,12,OAK,28-31(L),4,9,0,1,0,1,0,1,0,1,0,1,4,13
13,Las Vegas Raiders,79,76,12,NYJ,31-28(W),4,9,0,1,0,1,0,1,0,1,0,1,4,13
13,Atlanta Falcons,86,74,12,NO,16-21(L),3,10,0,1,0,1,0,1,0,1,0,1,3,18
13,Chicago Bears,69,87,12,DET,30-34(L),3,10,0,1,0,1,0,1,0,1,0,1,3,18
13,Detroit Lions,78,73,12,CHI,34-30(W),3,10,0,1,0,1,0,1,0,1,0,1,3,18
13,New Orleans Saints,88,83,12,ATL,21-16(W),3,10,0,1,0,1,0,1,0,1,0,1,3,18
13,Denver Broncos,80,79,12,KC,16-22(L),2,11,0,1,0,1,0,1,0,1,0,1,2,22
13,Cleveland Browns,82,75,12,TEN,41-35(W),1,12,0,1,0,1,0,1,0,1,0,1,1,23
13,Arizona Cardinals,86,77,12,LAR,28-38(L),0,13,0,1,0,1,0,1,0,1,0,1,0,24
